"Time (s)","Latitude (°)","Longitude (°)","Height (m)","Velocity (m/s)","Direction (°)","Horizontal Accuracy (m)","Vertical Accuracy (m)"
1.025232290E-1,5.336059140E1,-6.272461900E0,NaN,NaN,NaN,2.596610107E2,0.000000000E0
1.820017187E0,5.336059140E1,-6.272461900E0,NaN,NaN,NaN,2.937019958E2,0.000000000E0
3.677469530E0,5.336065296E1,-6.271732320E0,-1.491068719E0,0.000000000E0,NaN,9.541547775E0,9.085580826E0
4.676135416E0,5.336064929E1,-6.271693770E0,3.182489458E0,0.000000000E0,NaN,8.101726532E0,7.621106625E0
5.675703228E0,5.336068558E1,-6.271639550E0,1.070368529E1,0.000000000E0,NaN,8.712629318E0,8.617549896E0
6.675704842E0,5.336067781E1,-6.271621350E0,1.905917547E1,0.000000000E0,NaN,7.830969810E0,8.085973740E0
7.676544998E0,5.336072732E1,-6.271560010E0,1.964091365E1,0.000000000E0,NaN,6.939436913E0,7.407267570E0
8.675716300E0,5.336073072E1,-6.271546110E0,2.245989233E1,0.000000000E0,NaN,6.294238567E0,6.855290890E0
9.675961820E0,5.336073312E1,-6.271540130E0,2.534148724E1,0.000000000E0,NaN,5.650403500E0,6.191823959E0
1.067634323E1,5.336072589E1,-6.271536150E0,2.589807590E1,0.000000000E0,NaN,5.468379498E0,5.891480446E0
1.167587203E1,5.336072249E1,-6.271536170E0,2.725385251E1,0.000000000E0,NaN,5.152924061E0,5.373558044E0
1.267629651E1,5.336071734E1,-6.271536260E0,2.835383211E1,0.000000000E0,NaN,4.798354149E0,4.998184681E0
1.367655880E1,5.336071256E1,-6.271535490E0,2.875111438E1,0.000000000E0,NaN,4.468800545E0,4.569131851E0
1.467580343E1,5.336071563E1,-6.271530750E0,2.881135762E1,0.000000000E0,NaN,4.335756779E0,4.417325020E0
1.567600807E1,5.336071272E1,-6.271534120E0,2.942958220E1,0.000000000E0,NaN,4.359919548E0,4.438597202E0
1.667589484E1,5.336071161E1,-6.271533570E0,2.949360942E1,0.000000000E0,NaN,4.396543026E0,4.529551983E0
1.767599525E1,5.336070392E1,-6.271535280E0,3.033040609E1,0.000000000E0,NaN,4.211390018E0,4.174650669E0
1.867604333E1,5.336069551E1,-6.271538870E0,3.101894735E1,0.000000000E0,NaN,4.350031853E0,4.299505234E0
1.967654734E1,5.336069054E1,-6.271545460E0,3.129458054E1,0.000000000E0,NaN,4.316848755E0,4.126274586E0
2.067572156E1,5.336069004E1,-6.271547410E0,3.127285079E1,0.000000000E0,NaN,4.208852768E0,4.005684853E0
2.167582906E1,5.336068939E1,-6.271544700E0,3.216854449E1,0.000000000E0,NaN,4.268372059E0,4.059087753E0
2.267587801E1,5.336068683E1,-6.271538000E0,3.278860829E1,0.000000000E0,NaN,4.384580612E0,4.189527512E0
2.367594900E1,5.336068717E1,-6.271541360E0,3.275686692E1,0.000000000E0,NaN,4.621662617E0,4.474083424E0
2.467557827E1,5.336068658E1,-6.271537370E0,3.290079164E1,0.000000000E0,NaN,4.451116085E0,4.260880470E0
2.567652916E1,5.336068377E1,-6.271538260E0,3.341031460E1,0.000000000E0,NaN,4.396552086E0,4.190489769E0
2.667618192E1,5.336068345E1,-6.271538150E0,3.347794190E1,0.000000000E0,NaN,4.279265881E0,4.050590038E0
2.767587723E1,5.336068184E1,-6.271540940E0,3.376437883E1,0.000000000E0,NaN,4.233749866E0,4.004012585E0
2.867641030E1,5.336068177E1,-6.271540980E0,3.379263813E1,0.000000000E0,NaN,4.126430511E0,3.824050903E0
2.967572452E1,5.336068128E1,-6.271542300E0,3.382645089E1,0.000000000E0,NaN,4.087489128E0,3.794393301E0
3.067606400E1,5.336068137E1,-6.271542440E0,3.381619680E1,0.000000000E0,NaN,4.235294342E0,4.049886703E0
3.167632983E1,5.336068149E1,-6.271543040E0,3.373923087E1,0.000000000E0,NaN,4.106085777E0,3.885205507E0
3.267653488E1,5.336068089E1,-6.271543340E0,3.381869886E1,0.000000000E0,NaN,3.967781067E0,3.668236971E0
3.367594072E1,5.336068059E1,-6.271543220E0,3.390335496E1,0.000000000E0,NaN,3.888884544E0,3.526987791E0
3.467613072E1,5.336068052E1,-6.271543380E0,3.390781045E1,0.000000000E0,NaN,3.854202509E0,3.448661566E0
3.567636618E1,5.336068042E1,-6.271543500E0,3.392538856E1,0.000000000E0,NaN,3.872992516E0,3.460302591E0
3.667600801E1,5.336068029E1,-6.271543100E0,3.397324056E1,0.000000000E0,NaN,3.895627975E0,3.438794851E0
3.767580952E1,5.336068026E1,-6.271543100E0,3.398996421E1,0.000000000E0,NaN,3.827303171E0,3.349907160E0
3.867603342E1,5.336067969E1,-6.271543250E0,3.409915643E1,0.000000000E0,NaN,3.790092468E0,3.283711910E0
3.967635155E1,5.336067985E1,-6.271543230E0,3.408823103E1,0.000000000E0,NaN,3.790092468E0,3.133252859E0
4.067560124E1,5.336067952E1,-6.271543980E0,3.419760566E1,0.000000000E0,NaN,3.790092468E0,2.974580050E0
4.167629327E1,5.336068149E1,-6.271543620E0,3.388510440E1,0.000000000E0,NaN,3.790092468E0,3.030105591E0
4.267646993E1,5.336068144E1,-6.271543640E0,3.389480902E1,0.000000000E0,NaN,3.825059652E0,3.378782988E0
4.367577509E1,5.336068181E1,-6.271543610E0,3.384030435E1,0.000000000E0,NaN,3.790092468E0,3.216478109E0
4.467599493E1,5.336068180E1,-6.271543570E0,3.384067060E1,0.000000000E0,NaN,3.790092468E0,3.173238277E0
4.567614321E1,5.336068081E1,-6.271544130E0,3.401858840E1,0.000000000E0,NaN,3.790092468E0,3.240867853E0
4.667644712E1,5.336068091E1,-6.271544120E0,3.400326851E1,0.000000000E0,NaN,3.790092468E0,3.222484827E0
4.767566998E1,5.336068143E1,-6.271543920E0,3.392581465E1,0.000000000E0,NaN,3.790092468E0,3.167627573E0
4.867574858E1,5.336068151E1,-6.271543920E0,3.390188880E1,0.000000000E0,NaN,3.790092468E0,3.069657803E0
4.967589696E1,5.336068188E1,-6.271543950E0,3.384958136E1,0.000000000E0,NaN,3.790092468E0,3.190887213E0
5.067662748E1,5.336068163E1,-6.271544470E0,3.386636579E1,0.000000000E0,NaN,3.810286283E0,3.297300100E0
5.167573378E1,5.336068164E1,-6.271544480E0,3.386746440E1,0.000000000E0,NaN,3.790092468E0,3.217903852E0
5.267570795E1,5.336068159E1,-6.271544570E0,3.387478859E1,0.000000000E0,NaN,3.790092468E0,3.074386597E0
5.367651800E1,5.336068139E1,-6.271544660E0,3.389908066E1,0.000000000E0,NaN,3.790092468E0,3.000850677E0
5.467643508E1,5.336068108E1,-6.271544510E0,3.395010642E1,0.000000000E0,NaN,3.790092468E0,2.913398743E0
5.567614248E1,5.336068109E1,-6.271544530E0,3.394180562E1,0.000000000E0,NaN,3.790092468E0,2.852417231E0
5.667533602E1,5.336068103E1,-6.271544560E0,3.394845847E1,0.000000000E0,NaN,3.790092468E0,2.980864763E0
5.767457446E1,5.336068109E1,-6.271544600E0,3.394180556E1,0.000000000E0,NaN,3.790092468E0,2.973197937E0
5.867513790E1,5.336068101E1,-6.271544620E0,3.391940570E1,0.000000000E0,NaN,3.790092468E0,2.938562155E0
5.967533722E1,5.336068103E1,-6.271544620E0,3.391232561E1,0.000000000E0,NaN,3.790092468E0,2.820624828E0
6.067533503E1,5.336068105E1,-6.271544720E0,3.390732063E1,0.000000000E0,NaN,3.790092468E0,2.883479595E0
6.167454206E1,5.336068110E1,-6.271544780E0,3.389425901E1,0.000000000E0,NaN,3.790092468E0,3.002847433E0
6.267467722E1,5.336068093E1,-6.271544880E0,3.393179569E1,0.000000000E0,NaN,3.790092468E0,2.868487597E0
6.367515456E1,5.336068087E1,-6.271545010E0,3.394766476E1,0.000000000E0,NaN,9.980221748E0,3.044445992E0
6.467472805E1,5.336068084E1,-6.271545070E0,3.394674921E1,0.000000000E0,NaN,9.935046196E0,2.914214849E0
6.567486846E1,5.336068081E1,-6.271545130E0,3.395193717E1,0.000000000E0,NaN,9.935046196E0,2.865783453E0
6.667509544E1,5.336068096E1,-6.271545260E0,3.392721771E1,0.000000000E0,NaN,9.935046196E0,2.790765047E0
6.767516263E1,5.336068054E1,-6.271545610E0,3.399887302E1,0.000000000E0,NaN,9.935046196E0,2.715687275E0
6.867471612E1,5.336068053E1,-6.271545680E0,3.399191496E1,0.000000000E0,NaN,9.935046196E0,2.749639273E0
6.967541909E1,5.336068056E1,-6.271545710E0,3.398166101E1,0.000000000E0,NaN,9.935046196E0,2.809341669E0
7.067544695E1,5.336068066E1,-6.271545710E0,3.397549638E1,0.000000000E0,NaN,1.000805473E1,3.075747252E0
7.167491820E1,5.336068060E1,-6.271545810E0,3.398117261E1,0.000000000E0,NaN,1.008131218E1,3.113123417E0
7.267543674E1,5.336068067E1,-6.271545880E0,3.397079652E1,0.000000000E0,NaN,9.983113289E0,3.012056589E0
7.367551299E1,5.336068073E1,-6.271545940E0,3.396731742E1,0.000000000E0,NaN,9.983750343E0,3.026494503E0
7.467464752E1,5.336068076E1,-6.271545960E0,3.396664599E1,0.000000000E0,NaN,9.935046196E0,2.870773554E0
7.567474221E1,5.336068083E1,-6.271545960E0,3.396267865E1,0.000000000E0,NaN,9.935046196E0,2.719361067E0
7.667533961E1,5.336068054E1,-6.271546040E0,3.401754942E1,0.000000000E0,NaN,9.935046196E0,2.798718691E0
7.767522664E1,5.336068054E1,-6.271546070E0,3.401065242E1,0.000000000E0,NaN,9.935046196E0,2.846511841E0
7.867499731E1,5.336068011E1,-6.271545960E0,3.407876809E1,0.000000000E0,NaN,9.935046196E0,2.744822979E0
7.967545518E1,5.336067963E1,-6.271546040E0,3.414908090E1,0.000000000E0,NaN,9.935046196E0,2.689556122E0
8.067551164E1,5.336067961E1,-6.271546020E0,3.414859265E1,0.000000000E0,NaN,9.935046196E0,2.697456121E0
8.167543356E1,5.336067962E1,-6.271546080E0,3.414010871E1,0.000000000E0,NaN,9.935046196E0,2.766816139E0
8.267532559E1,5.336067912E1,-6.271546220E0,3.418710606E1,0.000000000E0,NaN,9.935046196E0,2.817936659E0
8.367530684E1,5.336067909E1,-6.271546310E0,3.419388091E1,0.000000000E0,NaN,9.972399712E0,2.939337254E0
8.467545658E1,5.336067910E1,-6.271546350E0,3.418332179E1,0.000000000E0,NaN,1.003817558E1,2.926688194E0
8.567500283E1,5.336067896E1,-6.271546350E0,3.419729895E1,0.000000000E0,NaN,9.971738815E0,2.966796875E0
8.667512340E1,5.336068036E1,-6.271546280E0,3.399728569E1,0.000000000E0,NaN,9.952774048E0,2.870827436E0
8.767477877E1,5.336068048E1,-6.271546300E0,3.399514934E1,0.000000000E0,NaN,9.938838005E0,2.891282797E0
8.867486658E1,5.336068055E1,-6.271546310E0,3.398037877E1,0.000000000E0,NaN,9.935046196E0,2.786058426E0
8.967550762E1,5.336068057E1,-6.271546390E0,3.397128445E1,0.000000000E0,NaN,9.935046196E0,2.835179329E0
9.067534668E1,5.336068064E1,-6.271546380E0,3.395559837E1,0.000000000E0,NaN,9.935046196E0,2.785906315E0
9.167489403E1,5.336068074E1,-6.271547100E0,3.388443069E1,0.000000000E0,NaN,9.935046196E0,2.784178734E0
9.267496106E1,5.336068065E1,-6.271547320E0,3.386782902E1,0.000000000E0,NaN,9.935046196E0,2.889179707E0
9.374451026E1,5.336056850E1,-6.272896300E0,NaN,NaN,NaN,1.000000000E2,0.000000000E0
9.903626059E1,5.336084157E1,-6.271464900E0,3.535592953E1,0.000000000E0,NaN,1.215977669E1,1.699646950E1
1.000365099E2,5.336074243E1,-6.271474850E0,1.975144668E1,0.000000000E0,NaN,5.860195160E0,7.646531105E0
1.010367292E2,5.336074381E1,-6.271476270E0,1.918808990E1,0.000000000E0,NaN,6.330478668E0,7.535240173E0
1.020365243E2,5.336072866E1,-6.271472520E0,1.837096640E1,0.000000000E0,NaN,5.722632408E0,6.593894958E0
1.030358707E2,5.336073303E1,-6.271478390E0,1.854283301E1,0.000000000E0,NaN,5.245660305E0,5.794777393E0
1.040364973E2,5.336071712E1,-6.271489440E0,1.870451850E1,0.000000000E0,NaN,5.160327911E0,5.668073654E0
1.050358655E2,5.336070818E1,-6.271501990E0,1.949705659E1,0.000000000E0,NaN,4.814791203E0,5.136121750E0
1.060368096E2,5.336070058E1,-6.271504730E0,1.899181130E1,0.000000000E0,NaN,4.764955521E0,5.127963066E0
1.070365237E2,5.336069433E1,-6.271505550E0,1.951268960E1,0.000000000E0,NaN,4.797229290E0,5.232808113E0
1.080366477E2,5.336068521E1,-6.271507250E0,1.888153086E1,0.000000000E0,NaN,5.043228149E0,5.458847046E0
1.090360749E2,5.336068015E1,-6.271508550E0,1.871557920E1,0.000000000E0,NaN,5.132526875E0,5.578575134E0
1.100368582E2,5.336067459E1,-6.271510590E0,1.864703942E1,0.000000000E0,NaN,5.164384842E0,5.583178997E0
1.110367054E2,5.336066892E1,-6.271511920E0,1.868958431E1,0.000000000E0,NaN,4.977801323E0,5.385606766E0
1.120365051E2,5.336066682E1,-6.271517080E0,1.881610753E1,0.000000000E0,NaN,4.918075085E0,5.279803753E0
1.130364354E2,5.336066441E1,-6.271519710E0,1.883270881E1,0.000000000E0,NaN,4.798237801E0,5.110253811E0
1.140365733E2,5.336066423E1,-6.271519360E0,1.884656422E1,0.000000000E0,NaN,4.809371471E0,5.039709091E0
1.150364314E2,5.336066383E1,-6.271519940E0,1.885498691E1,0.000000000E0,NaN,4.570331573E0,4.761742115E0
1.160363199E2,5.336066293E1,-6.271520090E0,1.885358369E1,0.000000000E0,NaN,4.407018661E0,4.459692001E0
1.170360931E2,5.336066276E1,-6.271521510E0,1.868952013E1,0.000000000E0,NaN,4.218033791E0,4.166853905E0
1.180364779E2,5.336066260E1,-6.271521940E0,1.865863611E1,0.000000000E0,NaN,4.051619530E0,3.920849323E0
1.190359488E2,5.336066323E1,-6.271522000E0,1.886115021E1,0.000000000E0,NaN,3.863216162E0,3.582242966E0
1.200367819E2,5.336066360E1,-6.271524230E0,1.880090634E1,0.000000000E0,NaN,3.790092468E0,3.319362402E0
1.210360501E2,5.336066308E1,-6.271523320E0,1.883160820E1,0.000000000E0,NaN,3.790092468E0,3.075389624E0
1.220365863E2,5.336066343E1,-6.271523760E0,1.896490834E1,0.000000000E0,NaN,3.790092468E0,2.899838686E0
1.230365087E2,5.336066353E1,-6.271523270E0,1.903070457E1,0.000000000E0,NaN,3.790092468E0,2.938142061E0
1.240367211E2,5.336066320E1,-6.271523200E0,1.902258721E1,0.000000000E0,NaN,3.790092468E0,2.826278687E0
1.250366763E2,5.336066327E1,-6.271524270E0,1.896795979E1,0.000000000E0,NaN,3.790092468E0,2.776776791E0
1.260366270E2,5.336066341E1,-6.271525440E0,1.890985323E1,0.000000000E0,NaN,3.790092468E0,2.689236879E0
1.270364752E2,5.336066318E1,-6.271525490E0,1.892828599E1,0.000000000E0,NaN,3.790092468E0,2.684975147E0
1.280363222E2,5.336066307E1,-6.271525530E0,1.890332267E1,0.000000000E0,NaN,3.790092468E0,2.519734859E0
1.290360989E2,5.336066280E1,-6.271525630E0,1.888470707E1,0.000000000E0,NaN,3.790092468E0,2.500000000E0
1.300367470E2,5.336066269E1,-6.271525650E0,1.894128673E1,0.000000000E0,NaN,3.790092468E0,2.500000000E0
1.310362273E2,5.336066231E1,-6.271525970E0,1.890002700E1,0.000000000E0,NaN,3.790092468E0,2.500000000E0
1.320366319E2,5.336066196E1,-6.271526110E0,1.893023957E1,0.000000000E0,NaN,3.790092468E0,2.500000000E0
1.330359959E2,5.336066168E1,-6.271526000E0,1.895428773E1,0.000000000E0,NaN,3.790092468E0,2.500000000E0
1.340359832E2,5.336066208E1,-6.271526150E0,1.889197039E1,0.000000000E0,NaN,3.790092468E0,2.500000000E0
1.350368801E2,5.336066133E1,-6.271526130E0,1.894641437E1,0.000000000E0,NaN,3.790092468E0,2.500000000E0
1.360359719E2,5.336066130E1,-6.271526050E0,1.895972012E1,0.000000000E0,NaN,3.790092468E0,2.500000000E0
1.370364627E2,5.336066108E1,-6.271526160E0,1.897088964E1,0.000000000E0,NaN,3.790092468E0,2.500000000E0
1.380363998E2,5.336066103E1,-6.271526110E0,1.898407331E1,0.000000000E0,NaN,3.790092468E0,2.500000000E0
1.390360067E2,5.336066099E1,-6.271526680E0,1.898358458E1,0.000000000E0,NaN,3.790092468E0,2.500000000E0
1.400361015E2,5.336066029E1,-6.271526670E0,1.901355341E1,0.000000000E0,NaN,3.790092468E0,2.500000000E0
1.410364061E2,5.336066040E1,-6.271526980E0,1.904822103E1,0.000000000E0,NaN,3.790092468E0,2.500000000E0
1.420365065E2,5.336066034E1,-6.271526970E0,1.905755947E1,0.000000000E0,NaN,3.790092468E0,2.500000000E0
1.430364674E2,5.336066017E1,-6.271527450E0,1.909796447E1,0.000000000E0,NaN,3.790092468E0,2.500000000E0
1.440364382E2,5.336065970E1,-6.271527520E0,1.912549164E1,0.000000000E0,NaN,3.790092468E0,2.500000000E0
1.450362210E2,5.336065985E1,-6.271527580E0,1.912872634E1,0.000000000E0,NaN,3.790092468E0,2.500000000E0
1.460362796E2,5.336065984E1,-6.271527540E0,1.917077960E1,0.000000000E0,NaN,3.790092468E0,2.500000000E0
1.470361959E2,5.336065940E1,-6.271527510E0,1.913153437E1,0.000000000E0,NaN,3.790092468E0,2.500000000E0
1.480359522E2,5.336065937E1,-6.271527490E0,1.914764769E1,0.000000000E0,NaN,3.790092468E0,2.500000000E0
1.490358770E2,5.336065935E1,-6.271527500E0,1.914551147E1,0.000000000E0,NaN,3.790092468E0,2.500000000E0
1.500361352E2,5.336065952E1,-6.271527180E0,1.918402479E1,0.000000000E0,NaN,3.790092468E0,2.500000000E0
1.510360888E2,5.336065926E1,-6.271527360E0,1.915179828E1,0.000000000E0,NaN,3.790092468E0,2.500000000E0
1.520367242E2,5.336065910E1,-6.271527450E0,1.914526757E1,0.000000000E0,NaN,3.790092468E0,2.500000000E0
1.530365203E2,5.336065899E1,-6.271527430E0,1.912640781E1,0.000000000E0,NaN,3.790092468E0,2.500000000E0
1.540362364E2,5.336065889E1,-6.271527440E0,1.911127116E1,0.000000000E0,NaN,3.790092468E0,2.500000000E0
1.550368040E2,5.336065884E1,-6.271527420E0,1.909991868E1,0.000000000E0,NaN,3.790092468E0,2.500000000E0
1.560358245E2,5.336065880E1,-6.271527380E0,1.910382499E1,0.000000000E0,NaN,3.790092468E0,2.500000000E0
1.570356259E2,5.336065876E1,-6.271527360E0,1.910797543E1,0.000000000E0,NaN,3.790092468E0,2.500000000E0
1.580352367E2,5.336065883E1,-6.271527290E0,1.910620542E1,0.000000000E0,NaN,3.790092468E0,2.500000000E0
1.590357336E2,5.336065873E1,-6.271527280E0,1.909949164E1,0.000000000E0,NaN,3.790092468E0,2.500000000E0
1.600356621E2,5.336065867E1,-6.271527260E0,1.910168897E1,0.000000000E0,NaN,9.935046196E0,2.500000000E0
1.610351410E2,5.336065853E1,-6.271527300E0,1.911072225E1,0.000000000E0,NaN,9.935046196E0,2.500000000E0
1.620355737E2,5.336065851E1,-6.271527310E0,1.910559530E1,0.000000000E0,NaN,9.935046196E0,2.500000000E0
1.630350833E2,5.336065852E1,-6.271527220E0,1.911432340E1,0.000000000E0,NaN,9.935046196E0,2.500000000E0
1.640350407E2,5.336065847E1,-6.271527170E0,1.912500463E1,0.000000000E0,NaN,9.935046196E0,2.500000000E0
1.650358428E2,5.336065848E1,-6.271527100E0,1.912976542E1,0.000000000E0,NaN,9.935046196E0,2.500000000E0
1.660356338E2,5.336065844E1,-6.271527100E0,1.914209456E1,0.000000000E0,NaN,9.935046196E0,2.500000000E0
1.670355300E2,5.336065834E1,-6.271527130E0,1.915619373E1,0.000000000E0,NaN,9.935046196E0,2.500000000E0
1.680351435E2,5.336065830E1,-6.271527110E0,1.916431146E1,0.000000000E0,NaN,9.935046196E0,2.500000000E0
1.690350971E2,5.336065824E1,-6.271527080E0,1.918304932E1,0.000000000E0,NaN,9.935046196E0,2.500000000E0
1.700350708E2,5.336065819E1,-6.271527020E0,1.918994639E1,0.000000000E0,NaN,9.935046196E0,2.500000000E0
1.710353314E2,5.336065814E1,-6.271526960E0,1.918860370E1,0.000000000E0,NaN,9.935046196E0,2.500000000E0
1.720355435E2,5.336065808E1,-6.271526900E0,1.918915312E1,0.000000000E0,NaN,9.935046196E0,2.500000000E0
1.730354880E2,5.336065805E1,-6.271526820E0,1.919373084E1,0.000000000E0,NaN,9.935046196E0,2.500000000E0
1.740352960E2,5.336065793E1,-6.271526800E0,1.918988574E1,0.000000000E0,NaN,9.935046196E0,2.500000000E0
1.750358460E2,5.336065773E1,-6.271526700E0,1.918811596E1,0.000000000E0,NaN,9.935046196E0,2.500000000E0
1.760357302E2,5.336065765E1,-6.271526680E0,1.918176839E1,0.000000000E0,NaN,9.935046196E0,2.500000000E0
1.770358882E2,5.336065751E1,-6.271526600E0,1.919415870E1,0.000000000E0,NaN,9.935046196E0,2.500000000E0
1.780357537E2,5.336065747E1,-6.271526550E0,1.920136093E1,0.000000000E0,NaN,9.935046196E0,2.500000000E0
1.790353713E2,5.336065727E1,-6.271526560E0,1.919171752E1,0.000000000E0,NaN,9.935046196E0,2.500000000E0
1.800354074E2,5.336065712E1,-6.271526570E0,1.918744517E1,0.000000000E0,NaN,9.935046196E0,2.500000000E0
1.810348714E2,5.336065702E1,-6.271526560E0,1.918970356E1,0.000000000E0,NaN,9.935046196E0,2.500000000E0
1.820352101E2,5.336065698E1,-6.271526490E0,1.918268461E1,0.000000000E0,NaN,9.935046196E0,2.500000000E0
1.830356564E2,5.336065695E1,-6.271526420E0,1.918781164E1,0.000000000E0,NaN,9.935046196E0,2.500000000E0
1.840352499E2,5.336065680E1,-6.271526330E0,1.918012141E1,0.000000000E0,NaN,9.935046196E0,2.500000000E0
1.850356913E2,5.336065676E1,-6.271526240E0,1.918561468E1,0.000000000E0,NaN,9.935046196E0,2.500000000E0
1.860350326E2,5.336065674E1,-6.271526170E0,1.918488233E1,0.000000000E0,NaN,9.935046196E0,2.500000000E0
1.870353012E2,5.336065657E1,-6.271526040E0,1.917560523E1,0.000000000E0,NaN,9.935046196E0,2.500000000E0
1.880357662E2,5.336065652E1,-6.271525940E0,1.916205555E1,0.000000000E0,NaN,9.935046196E0,2.500000000E0
1.890355457E2,5.336065652E1,-6.271525890E0,1.917230950E1,0.000000000E0,NaN,9.935046196E0,2.500000000E0
1.900353363E2,5.336065645E1,-6.271525850E0,1.917975588E1,0.000000000E0,NaN,9.935046196E0,2.500000000E0
1.910351180E2,5.336065631E1,-6.271525780E0,1.917633808E1,0.000000000E0,NaN,9.935046196E0,2.500000000E0
1.920355273E2,5.336065627E1,-6.271525670E0,1.917578889E1,0.000000000E0,NaN,9.935046196E0,2.500000000E0
1.930355371E2,5.336065617E1,-6.271525580E0,1.917993943E1,0.000000000E0,NaN,9.935046196E0,2.500000000E0
1.940353707E2,5.336065613E1,-6.271525480E0,1.918274716E1,0.000000000E0,NaN,9.935046196E0,2.500000000E0
1.950350086E2,5.336065599E1,-6.271525460E0,1.918280833E1,0.000000000E0,NaN,9.935046196E0,2.500000000E0
1.960357927E2,5.336065590E1,-6.271525400E0,1.918146567E1,0.000000000E0,NaN,9.935046196E0,2.500000000E0
1.970357499E2,5.336065570E1,-6.271525420E0,1.917878027E1,0.000000000E0,NaN,9.935046196E0,2.500000000E0
1.980355332E2,5.336065556E1,-6.271525400E0,1.918390735E1,0.000000000E0,NaN,9.935046196E0,2.500000000E0
1.990357375E2,5.336065541E1,-6.271525320E0,1.917725471E1,0.000000000E0,NaN,9.935046196E0,2.500000000E0
2.000353921E2,5.336065541E1,-6.271525200E0,1.917566789E1,0.000000000E0,NaN,9.935046196E0,2.500000000E0
2.010351989E2,5.336065539E1,-6.271525030E0,1.918390780E1,0.000000000E0,NaN,9.935046196E0,2.500000000E0
2.020349692E2,5.336065563E1,-6.271524660E0,1.917340987E1,0.000000000E0,NaN,9.935046196E0,2.500000000E0
2.030351665E2,5.336065551E1,-6.271524560E0,1.917426454E1,0.000000000E0,NaN,9.935046196E0,2.500000000E0
2.040348991E2,5.336065545E1,-6.271524460E0,1.918805862E1,0.000000000E0,NaN,9.935046196E0,2.500000000E0
2.050356927E2,5.336065526E1,-6.271524570E0,1.919751912E1,0.000000000E0,NaN,9.935046196E0,2.500000000E0
2.060355516E2,5.336065499E1,-6.271524740E0,1.923200406E1,0.000000000E0,NaN,9.935046196E0,2.500000000E0
2.070353778E2,5.336065466E1,-6.271524930E0,1.925043678E1,0.000000000E0,NaN,9.935046196E0,2.500000000E0
2.080352320E2,5.336065460E1,-6.271524860E0,1.925501452E1,0.000000000E0,NaN,9.935046196E0,2.500000000E0
2.090349520E2,5.336065441E1,-6.271524820E0,1.927204352E1,0.000000000E0,NaN,9.935046196E0,2.500000000E0
2.100350594E2,5.336065439E1,-6.271524680E0,1.928058857E1,0.000000000E0,NaN,9.935046196E0,2.500000000E0
2.110349954E2,5.336065436E1,-6.271524680E0,1.929273459E1,0.000000000E0,NaN,9.935046196E0,2.500000000E0
2.120353748E2,5.336065439E1,-6.271524530E0,1.931678254E1,0.000000000E0,NaN,9.935046196E0,2.500000000E0
2.130351441E2,5.336065449E1,-6.271524360E0,1.932709755E1,0.000000000E0,NaN,9.935046196E0,2.500000000E0
2.140348811E2,5.336065437E1,-6.271524390E0,1.933332320E1,0.000000000E0,NaN,9.935046196E0,2.500000000E0
2.150356196E2,5.336065430E1,-6.271524410E0,1.934137988E1,0.000000000E0,NaN,9.935046196E0,2.500000000E0
2.160354181E2,5.336065423E1,-6.271524390E0,1.934662898E1,0.000000000E0,NaN,9.935046196E0,2.500000000E0
2.170356301E2,5.336065407E1,-6.271524270E0,1.935560138E1,0.000000000E0,NaN,9.935046196E0,2.500000000E0
2.180358763E2,5.336065397E1,-6.271524230E0,1.936475676E1,0.000000000E0,NaN,9.935046196E0,2.500000000E0
2.190357088E2,5.336065390E1,-6.271524260E0,1.937092134E1,0.000000000E0,NaN,9.935046196E0,2.500000000E0
2.200349912E2,5.336065391E1,-6.271524180E0,1.937061623E1,0.000000000E0,NaN,9.935046196E0,2.500000000E0
2.210349179E2,5.336065394E1,-6.271524120E0,1.937299662E1,0.000000000E0,NaN,9.935046196E0,2.500000000E0
2.220356224E2,5.336065394E1,-6.271524080E0,1.937726912E1,0.000000000E0,NaN,9.935046196E0,2.500000000E0
2.230354368E2,5.336065384E1,-6.271524150E0,1.938422715E1,0.000000000E0,NaN,9.935046196E0,2.500000000E0
2.240349663E2,5.336065386E1,-6.271524050E0,1.938642448E1,0.000000000E0,NaN,9.935046196E0,2.500000000E0
2.250349203E2,5.336065386E1,-6.271523980E0,1.938630247E1,0.000000000E0,NaN,9.935046196E0,2.500000000E0
2.260357053E2,5.336065386E1,-6.271523890E0,1.938483770E1,0.000000000E0,NaN,9.935046196E0,2.500000000E0
2.270356669E2,5.336065369E1,-6.271523950E0,1.937446181E1,0.000000000E0,NaN,9.935046196E0,2.500000000E0
2.280358076E2,5.336065360E1,-6.271523980E0,1.936677143E1,0.000000000E0,NaN,9.935046196E0,2.500000000E0
2.290351263E2,5.336065343E1,-6.271524110E0,1.936396383E1,0.000000000E0,NaN,9.935046196E0,2.500000000E0
2.300348676E2,5.336065344E1,-6.271524010E0,1.937665922E1,0.000000000E0,NaN,9.935046196E0,2.500000000E0
2.310356744E2,5.336065332E1,-6.271524060E0,1.939295566E1,0.000000000E0,NaN,9.935046196E0,2.500000000E0
2.320357299E2,5.336065317E1,-6.271524130E0,1.941285318E1,0.000000000E0,NaN,9.935046196E0,2.500000000E0
2.330355753E2,5.336065309E1,-6.271524170E0,1.942890546E1,0.000000000E0,NaN,9.935046196E0,2.500000000E0
2.340354697E2,5.336065299E1,-6.271524170E0,1.944892507E1,0.000000000E0,NaN,9.935046196E0,2.500000000E0
2.350353575E2,5.336065295E1,-6.271524200E0,1.945423514E1,0.000000000E0,NaN,9.935046196E0,2.500000000E0
2.360353068E2,5.336065295E1,-6.271524190E0,1.945692069E1,0.000000000E0,NaN,9.935046196E0,2.500000000E0
2.370356406E2,5.336065288E1,-6.271524160E0,1.946552673E1,0.000000000E0,NaN,9.935046196E0,2.500000000E0
2.380357292E2,5.336065289E1,-6.271524110E0,1.948438663E1,0.000000000E0,NaN,9.935046196E0,2.500000000E0
2.390356374E2,5.336065285E1,-6.271524120E0,1.949995061E1,0.000000000E0,NaN,9.935046196E0,2.500000000E0
2.400354580E2,5.336065281E1,-6.271524070E0,1.951502637E1,0.000000000E0,NaN,9.935046196E0,2.500000000E0
2.410351937E2,5.336065288E1,-6.271523990E0,1.952753859E1,0.000000000E0,NaN,9.935046196E0,2.500000000E0
2.420350007E2,5.336065284E1,-6.271523900E0,1.953236047E1,0.000000000E0,NaN,9.935046196E0,2.500000000E0
2.430349265E2,5.336065281E1,-6.271523930E0,1.953626672E1,0.000000000E0,NaN,9.935046196E0,2.500000000E0
2.440357558E2,5.336065279E1,-6.271523880E0,1.954096649E1,0.000000000E0,NaN,9.935046196E0,2.500000000E0
2.450356469E2,5.336065278E1,-6.271523840E0,1.955720188E1,0.000000000E0,NaN,9.935046196E0,2.500000000E0
2.460354438E2,5.336065283E1,-6.271523770E0,1.956812719E1,0.000000000E0,NaN,9.935046196E0,2.500000000E0
2.470353059E2,5.336065275E1,-6.271523710E0,1.956684557E1,0.000000000E0,NaN,9.935046196E0,2.500000000E0
2.480357858E2,5.336065270E1,-6.271523700E0,1.956879874E1,0.000000000E0,NaN,9.935046196E0,2.500000000E0
2.490356984E2,5.336065263E1,-6.271523700E0,1.958039548E1,0.000000000E0,NaN,9.935046196E0,2.500000000E0
2.500356343E2,5.336065266E1,-6.271523640E0,1.958363037E1,0.000000000E0,NaN,9.935046196E0,2.500000000E0
2.510351837E2,5.336065263E1,-6.271523590E0,1.958430182E1,0.000000000E0,NaN,9.935046196E0,2.500000000E0
2.520349615E2,5.336065261E1,-6.271523530E0,1.959449476E1,0.000000000E0,NaN,9.935046196E0,2.500000000E0
2.530358199E2,5.336065259E1,-6.271523470E0,1.960712910E1,0.000000000E0,NaN,9.935046196E0,2.500000000E0
2.540355830E2,5.336065256E1,-6.271523450E0,1.962073998E1,0.000000000E0,NaN,9.935046196E0,2.500000000E0
2.550354315E2,5.336065255E1,-6.271523370E0,1.963514435E1,0.000000000E0,NaN,9.935046196E0,2.500000000E0
2.560355701E2,5.336065253E1,-6.271523360E0,1.965101352E1,0.000000000E0,NaN,9.935046196E0,2.500000000E0
2.570350285E2,5.336065245E1,-6.271523370E0,1.966608926E1,0.000000000E0,NaN,9.935046196E0,2.500000000E0
2.580357976E2,5.336065240E1,-6.271523270E0,1.967786916E1,0.000000000E0,NaN,9.935046196E0,2.500000000E0
2.590355003E2,5.336065239E1,-6.271523270E0,1.969459281E1,0.000000000E0,NaN,9.935046196E0,2.500000000E0
2.600350469E2,5.336065230E1,-6.271523150E0,1.970789864E1,0.000000000E0,NaN,9.935046196E0,2.500000000E0
2.610358376E2,5.336065226E1,-6.271523080E0,1.971906817E1,0.000000000E0,NaN,9.935046196E0,2.500000000E0
2.620355450E2,5.336065221E1,-6.271523100E0,1.973072590E1,0.000000000E0,NaN,9.935046196E0,2.500000000E0
2.630358450E2,5.336065220E1,-6.271523040E0,1.973377772E1,0.000000000E0,NaN,9.935046196E0,2.500000000E0
2.640355279E2,5.336065217E1,-6.271523020E0,1.974140715E1,0.000000000E0,NaN,9.935046196E0,2.500000000E0
2.650349564E2,5.336065211E1,-6.271523000E0,1.975416357E1,0.000000000E0,NaN,9.935046196E0,2.500000000E0
2.660348840E2,5.336065202E1,-6.271522950E0,1.976453966E1,0.000000000E0,NaN,9.935046196E0,2.500000000E0
2.670350272E2,5.336065197E1,-6.271522890E0,1.977644160E1,0.000000000E0,NaN,9.935046196E0,2.500000000E0
2.680350039E2,5.336065193E1,-6.271522880E0,1.978822143E1,0.000000000E0,NaN,9.935046196E0,2.500000000E0
2.690354490E2,5.336065196E1,-6.271522860E0,1.980085570E1,0.000000000E0,NaN,9.935046196E0,2.500000000E0
2.700348626E2,5.336065185E1,-6.271522800E0,1.980842419E1,0.000000000E0,NaN,9.935046196E0,2.500000000E0
2.710355980E2,5.336065180E1,-6.271522720E0,1.982014305E1,0.000000000E0,NaN,9.935046196E0,2.500000000E0
2.720358274E2,5.336065179E1,-6.271522680E0,1.983674466E1,0.000000000E0,NaN,9.935046196E0,2.500000000E0
2.730350662E2,5.336065178E1,-6.271522640E0,1.984907380E1,0.000000000E0,NaN,9.935046196E0,2.500000000E0
2.740357690E2,5.336065163E1,-6.271522590E0,1.987385423E1,0.000000000E0,NaN,9.935046196E0,2.500000000E0
2.750352234E2,5.336065161E1,-6.271522540E0,1.988868583E1,0.000000000E0,NaN,9.935046196E0,2.500000000E0
2.760351969E2,5.336065156E1,-6.271522440E0,1.988410832E1,0.000000000E0,NaN,9.935046196E0,2.500000000E0
2.770351604E2,5.336065150E1,-6.271522390E0,1.990046583E1,0.000000000E0,NaN,9.935046196E0,2.500000000E0
2.780354046E2,5.336065131E1,-6.271522330E0,1.993183810E1,0.000000000E0,NaN,9.935046196E0,2.500000000E0
2.790353073E2,5.336065129E1,-6.271522260E0,1.995033183E1,0.000000000E0,NaN,9.935046196E0,2.500000000E0
2.800358050E2,5.336065132E1,-6.271522180E0,1.997218246E1,0.000000000E0,NaN,9.935046196E0,2.500000000E0
2.810356418E2,5.336065119E1,-6.271522100E0,1.998347413E1,0.000000000E0,NaN,9.935046196E0,2.500000000E0
2.820354833E2,5.336065080E1,-6.271522070E0,2.005622837E1,0.000000000E0,NaN,9.935046196E0,2.500000000E0
2.830354199E2,5.336065075E1,-6.271522010E0,2.007606489E1,0.000000000E0,NaN,9.935046196E0,2.500000000E0
2.840356690E2,5.336065067E1,-6.271521950E0,2.009095758E1,0.000000000E0,NaN,9.935046196E0,2.500000000E0
2.850354698E2,5.336065034E1,-6.271521900E0,2.014112878E1,0.000000000E0,NaN,9.935046196E0,2.500000000E0
2.860352710E2,5.336065032E1,-6.271521890E0,2.015931729E1,0.000000000E0,NaN,9.935046196E0,2.500000000E0
2.870353083E2,5.336065027E1,-6.271521810E0,2.016554298E1,0.000000000E0,NaN,9.935046196E0,2.500000000E0
2.880352498E2,5.336065018E1,-6.271521780E0,2.018092393E1,0.000000000E0,NaN,9.935046196E0,2.500000000E0
2.890350439E2,5.336065007E1,-6.271521720E0,2.018641724E1,0.000000000E0,NaN,9.935046196E0,2.500000000E0
2.900355495E2,5.336065006E1,-6.271521700E0,2.019313113E1,0.000000000E0,NaN,9.935046196E0,2.500000000E0
2.910353516E2,5.336064999E1,-6.271521610E0,2.019563370E1,0.000000000E0,NaN,9.935046196E0,2.500000000E0
2.920352232E2,5.336065005E1,-6.271521550E0,2.020716935E1,0.000000000E0,NaN,9.935046196E0,2.500000000E0
2.930355225E2,5.336064999E1,-6.271521470E0,2.022309964E1,0.000000000E0,NaN,9.935046196E0,2.500000000E0
2.940353143E2,5.336064992E1,-6.271521480E0,2.023030183E1,0.000000000E0,NaN,9.935046196E0,2.500000000E0
2.950352140E2,5.336064989E1,-6.271521460E0,2.024665930E1,0.000000000E0,NaN,9.935046196E0,2.500000000E0
2.960352539E2,5.336064986E1,-6.271521410E0,2.025563153E1,0.000000000E0,NaN,9.935046196E0,2.500000000E0
2.970349633E2,5.336064986E1,-6.271521390E0,2.027205000E1,0.000000000E0,NaN,9.935046196E0,2.500000000E0
2.980357460E2,5.336064975E1,-6.271521380E0,2.028779717E1,0.000000000E0,NaN,9.935046196E0,2.500000000E0
2.990353405E2,5.336064959E1,-6.271521410E0,2.029719669E1,0.000000000E0,NaN,9.935046196E0,2.500000000E0
3.000351092E2,5.336064957E1,-6.271521320E0,2.030983105E1,0.000000000E0,NaN,9.935046196E0,2.500000000E0
3.010349816E2,5.336064952E1,-6.271521260E0,2.031501913E1,0.000000000E0,NaN,9.935046196E0,2.500000000E0
3.020357818E2,5.336064950E1,-6.271521250E0,2.032508996E1,0.000000000E0,NaN,9.935046196E0,2.500000000E0
3.030354276E2,5.336064947E1,-6.271521110E0,2.032551734E1,0.000000000E0,NaN,9.935046196E0,2.500000000E0
3.040354391E2,5.336064945E1,-6.271521040E0,2.032966781E1,0.000000000E0,NaN,9.935046196E0,2.500000000E0
3.050353850E2,5.336064946E1,-6.271520950E0,2.033137686E1,0.000000000E0,NaN,9.935046196E0,2.500000000E0
3.060355948E2,5.336064942E1,-6.271520930E0,2.034169185E1,0.000000000E0,NaN,9.935046196E0,2.500000000E0
3.070348543E2,5.336064931E1,-6.271520930E0,2.034584233E1,0.000000000E0,NaN,9.935046196E0,2.500000000E0
3.080352901E2,5.336064931E1,-6.271520860E0,2.034773448E1,0.000000000E0,NaN,9.935046196E0,2.500000000E0
3.090358574E2,5.336064934E1,-6.271520830E0,2.034828380E1,0.000000000E0,NaN,9.935046196E0,2.500000000E0
3.100356098E2,5.336064934E1,-6.271520770E0,2.034547623E1,0.000000000E0,NaN,9.935046196E0,2.500000000E0
3.110354270E2,5.336064931E1,-6.271520760E0,2.036012470E1,0.000000000E0,NaN,9.935046196E0,2.500000000E0
3.120353034E2,5.336064933E1,-6.271520730E0,2.036152852E1,0.000000000E0,NaN,9.935046196E0,2.500000000E0
3.130352423E2,5.336064936E1,-6.271520670E0,2.035969749E1,0.000000000E0,NaN,9.935046196E0,2.500000000E0
3.140358424E2,5.336064938E1,-6.271520590E0,2.037025662E1,0.000000000E0,NaN,9.935046196E0,2.500000000E0
3.150356733E2,5.336064935E1,-6.271520520E0,2.036879186E1,0.000000000E0,NaN,9.935046196E0,2.500000000E0
3.160354037E2,5.336064938E1,-6.271520490E0,2.037410192E1,0.000000000E0,NaN,9.935046196E0,2.500000000E0
3.170353486E2,5.336064945E1,-6.271520450E0,2.037483432E1,0.000000000E0,NaN,9.935046196E0,2.500000000E0
3.180357434E2,5.336064953E1,-6.271520430E0,2.038618681E1,0.000000000E0,NaN,9.935046196E0,2.500000000E0
3.190355367E2,5.336064941E1,-6.271520460E0,2.039717321E1,0.000000000E0,NaN,9.935046196E0,2.500000000E0
3.200353246E2,5.336064941E1,-6.271520460E0,2.040065221E1,0.000000000E0,NaN,9.935046196E0,2.500000000E0
3.210349302E2,5.336064932E1,-6.271520500E0,2.039937051E1,0.000000000E0,NaN,9.935046196E0,2.500000000E0
3.220349505E2,5.336064930E1,-6.271520510E0,2.041316447E1,0.000000000E0,NaN,9.935046196E0,2.500000000E0
3.230352820E2,5.336064933E1,-6.271520500E0,2.042128213E1,0.000000000E0,NaN,9.935046196E0,2.500000000E0
3.240354163E2,5.336064934E1,-6.271520480E0,2.041945108E1,0.000000000E0,NaN,9.935046196E0,2.500000000E0
3.250355953E2,5.336064937E1,-6.271520470E0,2.042268593E1,0.000000000E0,NaN,9.935046196E0,2.500000000E0
3.260355332E2,5.336064935E1,-6.271520440E0,2.042720257E1,0.000000000E0,NaN,9.935046196E0,2.500000000E0
3.270349209E2,5.336064938E1,-6.271520390E0,2.043361128E1,0.000000000E0,NaN,9.935046196E0,2.500000000E0
